sub,run,story_id
01,1,story_1
01,2,story_2
01,3,story_3
01,4,story_4
01,5,story_5
01,6,story_6
01,7,story_7
01,8,story_8
01,9,story_9
01,10,story_10
01,11,story_11
01,12,story_12
01,13,story_13
01,14,story_14
01,15,story_15
01,16,story_16
01,17,story_17
01,18,story_18
01,19,story_19
01,20,story_20
01,21,story_21
01,22,story_22
01,23,story_23
01,24,story_24
01,25,story_25
01,26,story_26
01,27,story_27
01,28,story_28
01,29,story_29
01,30,story_30
01,31,story_31
01,32,story_32
01,33,story_33
01,34,story_34
01,35,story_35
01,36,story_36
01,37,story_37
01,38,story_38
01,39,story_39
01,40,story_40
01,41,story_41
01,42,story_42
01,43,story_43
01,44,story_44
01,45,story_45
01,46,story_46
01,47,story_47
01,48,story_48
01,49,story_49
01,50,story_50
01,51,story_51
01,52,story_52
01,53,story_53
01,54,story_54
01,55,story_55
01,56,story_56
01,57,story_57
01,58,story_58
01,59,story_59
01,60,story_60
02,1,story_1
02,2,story_2
02,3,story_3
02,4,story_4
02,5,story_5
02,6,story_6
02,7,story_7
02,8,story_8
02,9,story_9
02,10,story_10
02,11,story_11
02,12,story_12
02,13,story_13
02,14,story_14
02,15,story_15
02,16,story_16
02,17,story_17
02,18,story_18
02,19,story_19
02,20,story_20
02,21,story_21
02,22,story_22
02,23,story_23
02,24,story_24
02,25,story_25
02,26,story_26
02,27,story_27
02,28,story_28
02,29,story_29
02,30,story_30
02,31,story_31
02,32,story_32
02,33,story_33
02,34,story_34
02,35,story_35
02,36,story_36
02,37,story_37
02,38,story_38
02,39,story_39
02,40,story_40
02,41,story_41
02,42,story_42
02,43,story_43
02,44,story_44
02,45,story_45
02,46,story_46
02,47,story_47
02,48,story_48
02,49,story_49
02,50,story_50
02,51,story_51
02,52,story_52
02,53,story_53
02,54,story_54
02,55,story_55
02,56,story_56
02,57,story_57
02,58,story_58
02,59,story_59
02,60,story_60
03,1,story_1
03,2,story_2
03,3,story_3
03,4,story_4
03,5,story_5
03,6,story_6
03,7,story_7
03,8,story_8
03,9,story_9
03,10,story_10
03,11,story_11
03,12,story_12
03,13,story_13
03,14,story_14
03,15,story_15
03,16,story_16
03,17,story_17
03,18,story_18
03,19,story_19
03,20,story_20
03,21,story_21
03,22,story_22
03,23,story_23
03,24,story_24
03,25,story_25
03,26,story_26
03,27,story_27
03,28,story_28
03,29,story_29
03,30,story_30
03,31,story_31
03,32,story_32
03,33,story_33
03,34,story_34
03,35,story_35
03,36,story_36
03,37,story_37
03,38,story_38
03,39,story_39
03,40,story_40
03,41,story_41
03,42,story_42
03,43,story_43
03,44,story_44
03,45,story_45
03,46,story_46
03,47,story_47
03,48,story_48
03,49,story_49
03,50,story_50
03,51,story_51
03,52,story_52
03,53,story_53
03,54,story_54
03,55,story_55
03,56,story_56
03,57,story_57
03,58,story_58
03,59,story_59
03,60,story_60
04,1,story_1
04,2,story_2
04,3,story_3
04,4,story_4
04,5,story_5
04,6,story_6
04,7,story_7
04,8,story_8
04,9,story_9
04,10,story_10
04,11,story_11
04,12,story_12
04,13,story_13
04,14,story_14
04,15,story_15
04,16,story_16
04,17,story_17
04,18,story_18
04,19,story_19
04,20,story_20
04,21,story_21
04,22,story_22
04,23,story_23
04,24,story_24
04,25,story_25
04,26,story_26
04,27,story_27
04,28,story_28
04,29,story_29
04,30,story_30
04,31,story_31
04,32,story_32
04,33,story_33
04,34,story_34
04,35,story_35
04,36,story_36
04,37,story_37
04,38,story_38
04,39,story_39
04,40,story_40
04,41,story_41
04,42,story_42
04,43,story_43
04,44,story_44
04,45,story_45
04,46,story_46
04,47,story_47
04,48,story_48
04,49,story_49
04,50,story_50
04,51,story_51
04,52,story_52
04,53,story_53
04,54,story_54
04,55,story_55
04,56,story_56
04,57,story_57
04,58,story_58
04,59,story_59
04,60,story_60
05,1,story_1
05,2,story_2
05,3,story_3
05,4,story_4
05,5,story_5
05,6,story_6
05,7,story_7
05,8,story_8
05,9,story_9
05,10,story_10
05,11,story_11
05,12,story_12
05,13,story_13
05,14,story_14
05,15,story_15
05,16,story_16
05,17,story_17
05,18,story_18
05,19,story_19
05,20,story_20
05,21,story_21
05,22,story_22
05,23,story_23
05,24,story_24
05,25,story_25
05,26,story_26
05,27,story_27
05,28,story_28
05,29,story_29
05,30,story_30
05,31,story_31
05,32,story_32
05,33,story_33
05,34,story_34
05,35,story_35
05,36,story_36
05,37,story_37
05,38,story_38
05,39,story_39
05,40,story_40
05,41,story_41
05,42,story_42
05,43,story_43
05,44,story_44
05,45,story_45
05,46,story_46
05,47,story_47
05,48,story_48
05,49,story_49
05,50,story_50
05,51,story_51
05,52,story_52
05,53,story_53
05,54,story_54
05,55,story_55
05,56,story_56
05,57,story_57
05,58,story_58
05,59,story_59
05,60,story_60
06,1,story_1
06,2,story_2
06,3,story_3
06,4,story_4
06,5,story_5
06,6,story_6
06,7,story_7
06,8,story_8
06,9,story_9
06,10,story_10
06,11,story_11
06,12,story_12
06,13,story_13
06,14,story_14
06,15,story_15
06,16,story_16
06,17,story_17
06,18,story_18
06,19,story_19
06,20,story_20
06,21,story_21
06,22,story_22
06,23,story_23
06,24,story_24
06,25,story_25
06,26,story_26
06,27,story_27
06,28,story_28
06,29,story_29
06,30,story_30
06,31,story_31
06,32,story_32
06,33,story_33
06,34,story_34
06,35,story_35
06,36,story_36
06,37,story_37
06,38,story_38
06,39,story_39
06,40,story_40
06,41,story_41
06,42,story_42
06,43,story_43
06,44,story_44
06,45,story_45
06,46,story_46
06,47,story_47
06,48,story_48
06,49,story_49
06,50,story_50
06,51,story_51
06,52,story_52
06,53,story_53
06,54,story_54
06,55,story_55
06,56,story_56
06,57,story_57
06,58,story_58
06,59,story_59
06,60,story_60
07,1,story_1
07,2,story_2
07,3,story_3
07,4,story_4
07,5,story_5
07,6,story_6
07,7,story_7
07,8,story_8
07,9,story_9
07,10,story_10
07,11,story_11
07,12,story_12
07,13,story_13
07,14,story_14
07,15,story_15
07,16,story_16
07,17,story_17
07,18,story_18
07,19,story_19
07,20,story_20
07,21,story_21
07,22,story_22
07,23,story_23
07,24,story_24
07,25,story_25
07,26,story_26
07,27,story_27
07,28,story_28
07,29,story_29
07,30,story_30
07,31,story_31
07,32,story_32
07,33,story_33
07,34,story_34
07,35,story_35
07,36,story_36
07,37,story_37
07,38,story_38
07,39,story_39
07,40,story_40
07,41,story_41
07,42,story_42
07,43,story_43
07,44,story_44
07,45,story_45
07,46,story_46
07,47,story_47
07,48,story_48
07,49,story_49
07,50,story_50
07,51,story_51
07,52,story_52
07,53,story_53
07,54,story_54
07,55,story_55
07,56,story_56
07,57,story_57
07,58,story_58
07,59,story_59
07,60,story_60
08,1,story_1
08,2,story_2
08,3,story_3
08,4,story_4
08,5,story_5
08,6,story_6
08,7,story_7
08,8,story_8
08,9,story_9
08,10,story_10
08,11,story_11
08,12,story_12
08,13,story_13
08,14,story_14
08,15,story_15
08,16,story_16
08,17,story_17
08,18,story_18
08,19,story_19
08,20,story_20
08,21,story_21
08,22,story_22
08,23,story_23
08,24,story_24
08,25,story_25
08,26,story_26
08,27,story_27
08,28,story_28
08,29,story_29
08,30,story_30
08,31,story_31
08,32,story_32
08,33,story_33
08,34,story_34
08,35,story_35
08,36,story_36
08,37,story_37
08,38,story_38
08,39,story_39
08,40,story_40
08,41,story_41
08,42,story_42
08,43,story_43
08,44,story_44
08,45,story_45
08,46,story_46
08,47,story_47
08,48,story_48
08,49,story_49
08,50,story_50
08,51,story_51
08,52,story_52
08,53,story_53
08,54,story_54
08,55,story_55
08,56,story_56
08,57,story_57
08,58,story_58
08,59,story_59
08,60,story_60
09,1,story_1
09,2,story_2
09,3,story_3
09,4,story_4
09,5,story_5
09,6,story_6
09,7,story_7
09,8,story_8
09,9,story_9
09,10,story_10
09,11,story_11
09,12,story_12
09,13,story_13
09,14,story_14
09,15,story_15
09,16,story_16
09,17,story_17
09,18,story_18
09,19,story_19
09,20,story_20
09,21,story_21
09,22,story_22
09,23,story_23
09,24,story_24
09,25,story_25
09,26,story_26
09,27,story_27
09,28,story_28
09,29,story_29
09,30,story_30
09,31,story_31
09,32,story_32
09,33,story_33
09,34,story_34
09,35,story_35
09,36,story_36
09,37,story_37
09,38,story_38
09,39,story_39
09,40,story_40
09,41,story_41
09,42,story_42
09,43,story_43
09,44,story_44
09,45,story_45
09,46,story_46
09,47,story_47
09,48,story_48
09,49,story_49
09,50,story_50
09,51,story_51
09,52,story_52
09,53,story_53
09,54,story_54
09,55,story_55
09,56,story_56
09,57,story_57
09,58,story_58
09,59,story_59
09,60,story_60
10,1,story_1
10,2,story_2
10,3,story_3
10,4,story_4
10,5,story_5
10,6,story_6
10,7,story_7
10,8,story_8
10,9,story_9
10,10,story_10
10,11,story_11
10,12,story_12
10,13,story_13
10,14,story_14
10,15,story_15
10,16,story_16
10,17,story_17
10,18,story_18
10,19,story_19
10,20,story_20
10,21,story_21
10,22,story_22
10,23,story_23
10,24,story_24
10,25,story_25
10,26,story_26
10,27,story_27
10,28,story_28
10,29,story_29
10,30,story_30
10,31,story_31
10,32,story_32
10,33,story_33
10,34,story_34
10,35,story_35
10,36,story_36
10,37,story_37
10,38,story_38
10,39,story_39
10,40,story_40
10,41,story_41
10,42,story_42
10,43,story_43
10,44,story_44
10,45,story_45
10,46,story_46
10,47,story_47
10,48,story_48
10,49,story_49
10,50,story_50
10,51,story_51
10,52,story_52
10,53,story_53
10,54,story_54
10,55,story_55
10,56,story_56
10,57,story_57
10,58,story_58
10,59,story_59
10,60,story_60
11,1,story_1
11,2,story_2
11,3,story_3
11,4,story_4
11,5,story_5
11,6,story_6
11,7,story_7
11,8,story_8
11,9,story_9
11,10,story_10
11,11,story_11
11,12,story_12
11,13,story_13
11,14,story_14
11,15,story_15
11,16,story_16
11,17,story_17
11,18,story_18
11,19,story_19
11,20,story_20
11,21,story_21
11,22,story_22
11,23,story_23
11,24,story_24
11,25,story_25
11,26,story_26
11,27,story_27
11,28,story_28
11,29,story_29
11,30,story_30
11,31,story_31
11,32,story_32
11,33,story_33
11,34,story_34
11,35,story_35
11,36,story_36
11,37,story_37
11,38,story_38
11,39,story_39
11,40,story_40
11,41,story_41
11,42,story_42
11,43,story_43
11,44,story_44
11,45,story_45
11,46,story_46
11,47,story_47
11,48,story_48
11,49,story_49
11,50,story_50
11,51,story_51
11,52,story_52
11,53,story_53
11,54,story_54
11,55,story_55
11,56,story_56
11,57,story_57
11,58,story_58
11,59,story_59
11,60,story_60
12,1,story_1
12,2,story_2
12,3,story_3
12,4,story_4
12,5,story_5
12,6,story_6
12,7,story_7
12,8,story_8
12,9,story_9
12,10,story_10
12,11,story_11
12,12,story_12
12,13,story_13
12,14,story_14
12,15,story_15
12,16,story_16
12,17,story_17
12,18,story_18
12,19,story_19
12,20,story_20
12,21,story_21
12,22,story_22
12,23,story_23
12,24,story_24
12,25,story_25
12,26,story_26
12,27,story_27
12,28,story_28
12,29,story_29
12,30,story_30
12,31,story_31
12,32,story_32
12,33,story_33
12,34,story_34
12,35,story_35
12,36,story_36
12,37,story_37
12,38,story_38
12,39,story_39
12,40,story_40
12,41,story_41
12,42,story_42
12,43,story_43
12,44,story_44
12,45,story_45
12,46,story_46
12,47,story_47
12,48,story_48
12,49,story_49
12,50,story_50
12,51,story_51
12,52,story_52
12,53,story_53
12,54,story_54
12,55,story_55
12,56,story_56
12,57,story_57
12,58,story_58
12,59,story_59
12,60,story_60
