sub,run,story_id,dur_run,dur_story,diff
01,10,story_10,239.93099999999998,240.0,0.06900000000001683
01,11,story_11,398.348,398.336,0.012000000000000455
01,12,story_12,351.715,351.712,0.002999999999985903
01,13,story_13,323.721,323.744,0.023000000000024556
01,14,story_14,318.96,318.992,0.03200000000003911
01,15,story_15,307.693,307.712,0.019000000000005457
01,16,story_16,294.456,294.496,0.03999999999996362
01,17,story_17,279.97,280.0,0.029999999999972715
01,18,story_18,274.427,274.48,0.05299999999999727
01,19,story_19,263.60200000000003,263.648,0.04599999999999227
01,1,story_1,406.442,406.416,0.02600000000001046
01,20,story_20,240.171,240.224,0.05299999999999727
01,21,story_21,393.516,393.488,0.02800000000002001
01,22,story_22,345.23199999999997,345.232,5.684341886080802e-14
01,23,story_23,322.57,322.608,0.038000000000010914
01,24,story_24,315.656,315.68,0.02400000000000091
01,25,story_25,304.862,304.896,0.033999999999991815
01,26,story_26,295.007,295.024,0.016999999999995907
01,27,story_27,284.80199999999996,284.848,0.04600000000004911
01,28,story_28,274.897,274.928,0.03100000000000591
01,29,story_29,265.453,265.504,0.051000000000044565
01,2,story_2,352.566,352.576,0.010000000000047748
01,30,story_30,240.56,240.624,0.06399999999999295
01,31,story_31,379.22799999999995,379.232,0.004000000000075943
01,32,story_32,335.817,335.84,0.022999999999967713
01,33,story_33,321.591,321.6,0.009000000000014552
01,34,story_34,310.815,310.832,0.016999999999995907
01,35,story_35,304.781,304.816,0.03499999999996817
01,36,story_36,296.407,296.432,0.025000000000034106
01,37,story_37,288.36400000000003,288.416,0.051999999999964075
01,38,story_38,275.597,275.632,0.03500000000002501
01,39,story_39,269.695,269.728,0.03300000000001546
01,3,story_3,319.96999999999997,320.0,0.03000000000002956
01,40,story_40,255.487,255.552,0.06499999999999773
01,41,story_41,367.993,368.0,0.007000000000005002
01,42,story_42,332.275,332.304,0.028999999999996362
01,43,story_43,320.18,320.192,0.012000000000000455
01,44,story_44,308.94399999999996,308.976,0.03200000000003911
01,45,story_45,301.25,301.264,0.014000000000010004
01,46,story_46,298.358,298.4,0.04199999999997317
01,47,story_47,288.94399999999996,288.976,0.03200000000003911
01,48,story_48,275.728,275.76,0.031999999999982265
01,49,story_49,273.356,273.392,0.036000000000001364
01,4,story_4,319.16999999999996,319.184,0.014000000000066848
01,50,story_50,256.21799999999996,256.272,0.05400000000003047
01,51,story_51,352.595,352.608,0.012999999999976808
01,52,story_52,323.07099999999997,323.088,0.01700000000005275
01,53,story_53,324.582,324.608,0.02600000000001046
01,54,story_54,308.37399999999997,308.4,0.02600000000001046
01,55,story_55,300.649,300.672,0.023000000000024556
01,56,story_56,298.849,298.88,0.03100000000000591
01,57,story_57,289.95500000000004,290.0,0.04499999999995907
01,58,story_58,276.928,276.976,0.04800000000000182
01,59,story_49,273.387,273.392,0.0049999999999954525
01,5,story_5,307.564,307.584,0.01999999999998181
01,60,story_50,256.318,256.272,0.04599999999999227
01,6,story_6,290.915,290.96,0.04499999999995907
01,7,story_17,279.96999999999997,280.0,0.03000000000002956
01,8,story_49,273.387,273.392,0.0049999999999954525
01,9,story_9,258.719,258.768,0.04899999999997817
02,10,story_10,239.929,240.0,0.07099999999999795
02,11,story_11,398.348,398.336,0.012000000000000455
02,12,story_12,351.714,351.712,0.0020000000000095497
02,13,story_13,323.72200000000004,323.744,0.02199999999999136
02,14,story_14,318.958,318.992,0.033999999999991815
02,15,story_15,307.695,307.712,0.016999999999995907
02,16,story_16,294.45700000000005,294.496,0.038999999999930424
02,17,story_17,279.96999999999997,280.0,0.03000000000002956
02,18,story_18,274.427,274.48,0.05299999999999727
02,19,story_19,263.601,263.648,0.047000000000025466
02,1,story_1,406.441,406.416,0.024999999999977263
02,20,story_20,240.17100000000002,240.224,0.05299999999996885
02,21,story_21,393.516,393.488,0.02800000000002001
02,22,story_22,345.23199999999997,345.232,5.684341886080802e-14
02,23,story_23,322.58000000000004,322.608,0.027999999999963165
02,24,story_24,315.658,315.68,0.02199999999999136
02,25,story_25,304.863,304.896,0.03300000000001546
02,26,story_26,294.997,295.024,0.026999999999986812
02,27,story_27,284.80199999999996,284.848,0.04600000000004911
02,28,story_28,274.898,274.928,0.029999999999972715
02,29,story_29,265.45300000000003,265.504,0.05099999999998772
02,2,story_2,352.565,352.576,0.011000000000024102
02,30,story_30,240.561,240.624,0.06299999999998818
02,31,story_31,379.228,379.232,0.004000000000019099
02,32,story_32,335.81699999999995,335.84,0.023000000000024556
02,33,story_33,321.589,321.6,0.011000000000024102
02,34,story_34,310.815,310.832,0.016999999999995907
02,35,story_35,304.783,304.816,0.03299999999995862
02,36,story_36,296.408,296.432,0.02400000000000091
02,37,story_37,288.374,288.416,0.04199999999997317
02,38,story_38,275.598,275.632,0.033999999999991815
02,39,story_39,269.694,269.728,0.033999999999991815
02,3,story_3,319.979,320.0,0.021000000000015007
02,40,story_40,255.48700000000002,255.552,0.0649999999999693
02,41,story_41,367.993,368.0,0.007000000000005002
02,42,story_42,332.275,332.304,0.028999999999996362
02,43,story_43,320.17999999999995,320.192,0.012000000000057298
02,44,story_44,308.944,308.976,0.031999999999982265
02,45,story_45,301.252,301.264,0.012000000000000455
02,46,story_46,298.35900000000004,298.4,0.04099999999993997
02,47,story_47,288.945,288.976,0.03100000000000591
02,48,story_48,275.728,275.76,0.031999999999982265
02,49,story_49,273.356,273.392,0.036000000000001364
02,4,story_4,319.168,319.184,0.016000000000019554
02,50,story_50,256.218,256.272,0.053999999999973625
02,51,story_51,352.59499999999997,352.608,0.013000000000033651
02,52,story_52,323.071,323.088,0.016999999999995907
02,53,story_53,324.581,324.608,0.026999999999986812
02,54,story_54,308.373,308.4,0.026999999999986812
02,55,story_55,300.651,300.672,0.021000000000015007
02,56,story_56,298.849,298.88,0.03100000000000591
02,57,story_57,289.955,290.0,0.045000000000015916
02,58,story_58,276.929,276.976,0.047000000000025466
02,59,story_49,273.386,273.392,0.005999999999971806
02,5,story_5,307.564,307.584,0.01999999999998181
02,60,story_50,256.319,256.272,0.047000000000025466
02,6,story_6,290.915,290.96,0.04499999999995907
02,7,story_17,279.96999999999997,280.0,0.03000000000002956
02,8,story_49,273.38599999999997,273.392,0.006000000000028649
02,9,story_9,258.719,258.768,0.04899999999997817
03,10,story_10,239.929,240.0,0.07099999999999795
03,11,story_11,398.348,398.336,0.012000000000000455
03,12,story_12,351.70500000000004,351.712,0.006999999999948159
03,13,story_13,323.72099999999995,323.744,0.0230000000000814
03,14,story_14,318.959,318.992,0.03300000000001546
03,15,story_15,307.693,307.712,0.019000000000005457
03,16,story_16,294.457,294.496,0.03899999999998727
03,17,story_17,279.96999999999997,280.0,0.03000000000002956
03,18,story_18,274.42699999999996,274.48,0.053000000000054115
03,19,story_19,263.601,263.648,0.047000000000025466
03,1,story_1,406.442,406.416,0.02600000000001046
03,20,story_20,240.17000000000002,240.224,0.053999999999973625
03,21,story_21,393.515,393.488,0.026999999999986812
03,22,story_22,345.23199999999997,345.232,5.684341886080802e-14
03,23,story_23,322.58099999999996,322.608,0.027000000000043656
03,24,story_24,315.657,315.68,0.023000000000024556
03,25,story_25,304.862,304.896,0.033999999999991815
03,26,story_26,294.998,295.024,0.02600000000001046
03,27,story_27,284.802,284.848,0.04599999999999227
03,28,story_28,274.898,274.928,0.029999999999972715
03,29,story_29,265.452,265.504,0.05200000000002092
03,2,story_2,352.56600000000003,352.576,0.009999999999990905
03,30,story_30,240.561,240.624,0.06299999999998818
03,31,story_31,379.228,379.232,0.004000000000019099
03,32,story_32,335.817,335.84,0.022999999999967713
03,33,story_33,321.591,321.6,0.009000000000014552
03,34,story_34,310.815,310.832,0.016999999999995907
03,35,story_35,304.783,304.816,0.03299999999995862
03,36,story_36,296.407,296.432,0.025000000000034106
03,37,story_37,288.374,288.416,0.04199999999997317
03,38,story_38,275.598,275.632,0.033999999999991815
03,39,story_39,269.695,269.728,0.03300000000001546
03,3,story_3,319.97999999999996,320.0,0.020000000000038654
03,40,story_40,255.488,255.552,0.06399999999999295
03,41,story_41,367.99300000000005,368.0,0.006999999999948159
03,42,story_42,332.27500000000003,332.304,0.02899999999993952
03,43,story_43,320.18,320.192,0.012000000000000455
03,44,story_44,308.944,308.976,0.031999999999982265
03,45,story_45,301.242,301.264,0.02199999999999136
03,46,story_46,298.35900000000004,298.4,0.04099999999993997
03,47,story_47,288.944,288.976,0.031999999999982265
03,48,story_48,275.728,275.76,0.031999999999982265
03,49,story_49,273.357,273.392,0.03499999999996817
03,4,story_4,319.17,319.184,0.014000000000010004
03,50,story_50,256.219,256.272,0.05299999999999727
03,51,story_51,352.595,352.608,0.012999999999976808
03,52,story_52,323.071,323.088,0.016999999999995907
03,53,story_53,324.58200000000005,324.608,0.025999999999953616
03,54,story_54,308.373,308.4,0.026999999999986812
03,55,story_55,300.65,300.672,0.022000000000048203
03,56,story_56,298.848,298.88,0.031999999999982265
03,57,story_57,289.955,290.0,0.045000000000015916
03,58,story_58,276.928,276.976,0.04800000000000182
03,59,story_49,273.387,273.392,0.0049999999999954525
03,5,story_5,307.56399999999996,307.584,0.020000000000038654
03,60,story_50,256.319,256.272,0.047000000000025466
03,6,story_6,290.91499999999996,290.96,0.045000000000015916
03,7,story_17,279.96999999999997,280.0,0.03000000000002956
03,8,story_49,273.386,273.392,0.005999999999971806
03,9,story_9,258.71000000000004,258.768,0.05799999999993588
04,10,story_10,239.929,240.0,0.07099999999999795
04,11,story_11,398.34700000000004,398.336,0.011000000000024102
04,12,story_12,351.705,351.712,0.007000000000005002
04,13,story_13,323.721,323.744,0.023000000000024556
04,14,story_14,318.959,318.992,0.03300000000001546
04,15,story_15,307.693,307.712,0.019000000000005457
04,16,story_16,294.45599999999996,294.496,0.040000000000020464
04,17,story_17,279.97,280.0,0.029999999999972715
04,18,story_18,274.42699999999996,274.48,0.053000000000054115
04,19,story_19,263.601,263.648,0.047000000000025466
04,1,story_1,406.441,406.416,0.024999999999977263
04,20,story_20,240.171,240.224,0.05299999999999727
04,21,story_21,393.51599999999996,393.488,0.027999999999963165
04,22,story_22,345.232,345.232,0.0
04,23,story_23,322.57,322.608,0.038000000000010914
04,24,story_24,315.657,315.68,0.023000000000024556
04,25,story_25,304.862,304.896,0.033999999999991815
04,26,story_26,295.007,295.024,0.016999999999995907
04,27,story_27,284.802,284.848,0.04599999999999227
04,28,story_28,274.898,274.928,0.029999999999972715
04,29,story_29,265.45300000000003,265.504,0.05099999999998772
04,2,story_2,352.565,352.576,0.011000000000024102
04,30,story_30,240.56,240.624,0.06399999999999295
04,31,story_31,379.229,379.232,0.0030000000000427463
04,32,story_32,335.818,335.84,0.02199999999999136
04,33,story_33,321.59,321.6,0.010000000000047748
04,34,story_34,310.815,310.832,0.016999999999995907
04,35,story_35,304.78200000000004,304.816,0.03399999999993497
04,36,story_36,296.407,296.432,0.025000000000034106
04,37,story_37,288.37399999999997,288.416,0.04200000000003001
04,38,story_38,275.59799999999996,275.632,0.03400000000004866
04,39,story_39,269.694,269.728,0.033999999999991815
04,3,story_3,319.98,320.0,0.01999999999998181
04,40,story_40,255.488,255.552,0.06399999999999295
04,41,story_41,367.993,368.0,0.007000000000005002
04,42,story_42,332.275,332.304,0.028999999999996362
04,43,story_43,320.179,320.192,0.013000000000033651
04,44,story_44,308.944,308.976,0.031999999999982265
04,45,story_45,301.251,301.264,0.013000000000033651
04,46,story_46,298.358,298.4,0.04199999999997317
04,47,story_47,288.944,288.976,0.031999999999982265
04,48,story_48,275.72799999999995,275.76,0.03200000000003911
04,49,story_49,273.356,273.392,0.036000000000001364
04,4,story_4,319.168,319.184,0.016000000000019554
04,50,story_50,256.21799999999996,256.272,0.05400000000003047
04,51,story_51,352.596,352.608,0.012000000000000455
04,52,story_52,323.071,323.088,0.016999999999995907
04,53,story_53,324.581,324.608,0.026999999999986812
04,54,story_54,308.37399999999997,308.4,0.02600000000001046
04,55,story_55,300.65,300.672,0.022000000000048203
04,56,story_56,298.849,298.88,0.03100000000000591
04,57,story_57,289.95500000000004,290.0,0.04499999999995907
04,58,story_58,276.928,276.976,0.04800000000000182
04,59,story_49,273.387,273.392,0.0049999999999954525
04,5,story_5,307.564,307.584,0.01999999999998181
04,60,story_50,256.318,256.272,0.04599999999999227
04,6,story_6,290.915,290.96,0.04499999999995907
04,7,story_17,279.969,280.0,0.03100000000000591
04,8,story_49,273.38599999999997,273.392,0.006000000000028649
04,9,story_9,258.72,258.768,0.047999999999944976
05,10,story_10,239.93,240.0,0.06999999999999318
05,11,story_11,398.347,398.336,0.010999999999967258
05,12,story_12,351.705,351.712,0.007000000000005002
05,13,story_13,323.722,323.744,0.022000000000048203
05,14,story_14,318.959,318.992,0.03300000000001546
05,15,story_15,307.693,307.712,0.019000000000005457
05,16,story_16,294.456,294.496,0.03999999999996362
05,17,story_17,279.97,280.0,0.029999999999972715
05,18,story_18,274.427,274.48,0.05299999999999727
05,19,story_19,263.601,263.648,0.047000000000025466
05,1,story_1,406.441,406.416,0.024999999999977263
05,20,story_20,240.17000000000002,240.224,0.053999999999973625
05,21,story_21,393.51500000000004,393.488,0.027000000000043656
05,22,story_22,345.232,345.232,0.0
05,23,story_23,322.572,322.608,0.036000000000001364
05,24,story_24,315.657,315.68,0.023000000000024556
05,25,story_25,304.861,304.896,0.03500000000002501
05,26,story_26,294.99699999999996,295.024,0.027000000000043656
05,27,story_27,284.802,284.848,0.04599999999999227
05,28,story_28,274.89799999999997,274.928,0.03000000000002956
05,29,story_29,265.452,265.504,0.05200000000002092
05,2,story_2,352.56600000000003,352.576,0.009999999999990905
05,30,story_30,240.561,240.624,0.06299999999998818
05,31,story_31,379.22900000000004,379.232,0.002999999999985903
05,32,story_32,335.817,335.84,0.022999999999967713
05,33,story_33,321.59000000000003,321.6,0.009999999999990905
05,34,story_34,310.815,310.832,0.016999999999995907
05,35,story_35,304.781,304.816,0.03499999999996817
05,36,story_36,296.408,296.432,0.02400000000000091
05,37,story_37,288.37399999999997,288.416,0.04200000000003001
05,38,story_38,275.598,275.632,0.033999999999991815
05,39,story_39,269.695,269.728,0.03300000000001546
05,3,story_3,319.979,320.0,0.021000000000015007
05,40,story_40,255.48799999999997,255.552,0.06400000000002137
05,41,story_41,367.993,368.0,0.007000000000005002
05,42,story_42,332.275,332.304,0.028999999999996362
05,43,story_43,320.17900000000003,320.192,0.012999999999976808
05,44,story_44,308.94399999999996,308.976,0.03200000000003911
05,45,story_45,301.24,301.264,0.02400000000000091
05,46,story_46,298.35900000000004,298.4,0.04099999999993997
05,47,story_47,288.944,288.976,0.031999999999982265
05,48,story_48,275.72700000000003,275.76,0.03299999999995862
05,49,story_49,273.356,273.392,0.036000000000001364
05,4,story_4,319.168,319.184,0.016000000000019554
05,50,story_50,256.21799999999996,256.272,0.05400000000003047
05,51,story_51,352.596,352.608,0.012000000000000455
05,52,story_52,323.07000000000005,323.088,0.01799999999997226
05,53,story_53,324.58200000000005,324.608,0.025999999999953616
05,54,story_54,308.373,308.4,0.026999999999986812
05,55,story_55,300.65,300.672,0.022000000000048203
05,56,story_56,298.84900000000005,298.88,0.03099999999994907
05,57,story_57,289.955,290.0,0.045000000000015916
05,58,story_58,276.921,276.976,0.05500000000000682
05,59,story_49,273.387,273.392,0.0049999999999954525
05,5,story_5,307.563,307.584,0.021000000000015007
05,60,story_50,256.319,256.272,0.047000000000025466
05,6,story_6,290.91499999999996,290.96,0.045000000000015916
05,7,story_17,279.969,280.0,0.03100000000000591
05,8,story_49,273.386,273.392,0.005999999999971806
05,9,story_9,258.71999999999997,258.768,0.04800000000000182
06,10,story_10,239.92899999999997,240.0,0.07100000000002638
06,11,story_11,398.347,398.336,0.010999999999967258
06,12,story_12,351.705,351.712,0.007000000000005002
06,13,story_13,323.721,323.744,0.023000000000024556
06,14,story_14,318.959,318.992,0.03300000000001546
06,15,story_15,307.69599999999997,307.712,0.016000000000019554
06,16,story_16,294.45599999999996,294.496,0.040000000000020464
06,17,story_17,279.97,280.0,0.029999999999972715
06,18,story_18,274.427,274.48,0.05299999999999727
06,19,story_19,263.60200000000003,263.648,0.04599999999999227
06,1,story_1,406.441,406.416,0.024999999999977263
06,20,story_20,240.171,240.224,0.05299999999999727
06,21,story_21,393.516,393.488,0.02800000000002001
06,22,story_22,345.233,345.232,0.0009999999999763531
06,23,story_23,322.58099999999996,322.608,0.027000000000043656
06,24,story_24,315.657,315.68,0.023000000000024556
06,25,story_25,304.862,304.896,0.033999999999991815
06,26,story_26,295.008,295.024,0.016000000000019554
06,27,story_27,284.80199999999996,284.848,0.04600000000004911
06,28,story_28,274.89700000000005,274.928,0.03099999999994907
06,29,story_29,265.452,265.504,0.05200000000002092
06,2,story_2,352.566,352.576,0.010000000000047748
06,30,story_30,240.561,240.624,0.06299999999998818
06,31,story_31,379.229,379.232,0.0030000000000427463
06,32,story_32,335.817,335.84,0.022999999999967713
06,33,story_33,321.591,321.6,0.009000000000014552
06,34,story_34,310.816,310.832,0.016000000000019554
06,35,story_35,304.782,304.816,0.033999999999991815
06,36,story_36,296.407,296.432,0.025000000000034106
06,37,story_37,288.374,288.416,0.04199999999997317
06,38,story_38,275.59799999999996,275.632,0.03400000000004866
06,39,story_39,269.695,269.728,0.03300000000001546
06,3,story_3,319.97999999999996,320.0,0.020000000000038654
06,40,story_40,255.48700000000002,255.552,0.0649999999999693
06,41,story_41,367.99399999999997,368.0,0.006000000000028649
06,42,story_42,332.274,332.304,0.029999999999972715
06,43,story_43,320.18,320.192,0.012000000000000455
06,44,story_44,308.94399999999996,308.976,0.03200000000003911
06,45,story_45,301.241,301.264,0.023000000000024556
06,46,story_46,298.359,298.4,0.04099999999999682
06,47,story_47,288.943,288.976,0.03300000000001546
06,48,story_48,275.727,275.76,0.03300000000001546
06,49,story_49,273.356,273.392,0.036000000000001364
06,4,story_4,319.169,319.184,0.015000000000043201
06,50,story_50,256.219,256.272,0.05299999999999727
06,51,story_51,352.596,352.608,0.012000000000000455
06,52,story_52,323.072,323.088,0.016000000000019554
06,53,story_53,324.58099999999996,324.608,0.027000000000043656
06,54,story_54,308.374,308.4,0.025999999999953616
06,55,story_55,300.651,300.672,0.021000000000015007
06,56,story_56,298.849,298.88,0.03100000000000591
06,57,story_57,289.954,290.0,0.04599999999999227
06,58,story_58,276.921,276.976,0.05500000000000682
06,59,story_49,273.387,273.392,0.0049999999999954525
06,5,story_5,307.563,307.584,0.021000000000015007
06,60,story_50,256.319,256.272,0.047000000000025466
06,6,story_6,290.914,290.96,0.04599999999999227
06,7,story_17,279.96999999999997,280.0,0.03000000000002956
06,8,story_49,273.387,273.392,0.0049999999999954525
06,9,story_9,258.71000000000004,258.768,0.05799999999993588
07,10,story_10,239.93,240.0,0.06999999999999318
07,11,story_11,398.348,398.336,0.012000000000000455
07,12,story_12,351.714,351.712,0.0020000000000095497
07,13,story_13,323.722,323.744,0.022000000000048203
07,14,story_14,318.957,318.992,0.03500000000002501
07,15,story_15,307.694,307.712,0.01799999999997226
07,16,story_16,294.456,294.496,0.03999999999996362
07,17,story_17,279.969,280.0,0.03100000000000591
07,18,story_18,274.427,274.48,0.05299999999999727
07,19,story_19,263.601,263.648,0.047000000000025466
07,1,story_1,406.441,406.416,0.024999999999977263
07,20,story_20,240.17,240.224,0.054000000000002046
07,21,story_21,393.516,393.488,0.02800000000002001
07,22,story_22,345.231,345.232,0.0010000000000331966
07,23,story_23,322.581,322.608,0.026999999999986812
07,24,story_24,315.657,315.68,0.023000000000024556
07,25,story_25,304.861,304.896,0.03500000000002501
07,26,story_26,295.007,295.024,0.016999999999995907
07,27,story_27,284.801,284.848,0.047000000000025466
07,28,story_28,274.898,274.928,0.029999999999972715
07,29,story_29,265.452,265.504,0.05200000000002092
07,2,story_2,352.565,352.576,0.011000000000024102
07,30,story_30,240.56,240.624,0.06399999999999295
07,31,story_31,379.229,379.232,0.0030000000000427463
07,32,story_32,335.817,335.84,0.022999999999967713
07,33,story_33,321.59,321.6,0.010000000000047748
07,34,story_34,310.815,310.832,0.016999999999995907
07,35,story_35,304.78,304.816,0.036000000000001364
07,36,story_36,296.40700000000004,296.432,0.024999999999977263
07,37,story_37,288.374,288.416,0.04199999999997317
07,38,story_38,275.59799999999996,275.632,0.03400000000004866
07,39,story_39,269.694,269.728,0.033999999999991815
07,3,story_3,319.979,320.0,0.021000000000015007
07,40,story_40,255.488,255.552,0.06399999999999295
07,41,story_41,367.993,368.0,0.007000000000005002
07,42,story_42,332.274,332.304,0.029999999999972715
07,43,story_43,320.17900000000003,320.192,0.012999999999976808
07,44,story_44,308.94399999999996,308.976,0.03200000000003911
07,45,story_45,301.25,301.264,0.014000000000010004
07,46,story_46,298.359,298.4,0.04099999999999682
07,47,story_47,288.944,288.976,0.031999999999982265
07,48,story_48,275.728,275.76,0.031999999999982265
07,49,story_49,273.35499999999996,273.392,0.03700000000003456
07,4,story_4,319.169,319.184,0.015000000000043201
07,50,story_50,256.21700000000004,256.272,0.05499999999994998
07,51,story_51,352.595,352.608,0.012999999999976808
07,52,story_52,323.07,323.088,0.018000000000029104
07,53,story_53,324.58099999999996,324.608,0.027000000000043656
07,54,story_54,308.374,308.4,0.025999999999953616
07,55,story_55,300.65000000000003,300.672,0.02199999999999136
07,56,story_56,298.849,298.88,0.03100000000000591
07,57,story_57,289.954,290.0,0.04599999999999227
07,58,story_58,276.92900000000003,276.976,0.04699999999996862
07,59,story_49,273.386,273.392,0.005999999999971806
07,5,story_5,307.56399999999996,307.584,0.020000000000038654
07,60,story_50,256.317,256.272,0.045000000000015916
07,6,story_6,290.914,290.96,0.04599999999999227
07,7,story_17,279.969,280.0,0.03100000000000591
07,8,story_49,273.386,273.392,0.005999999999971806
07,9,story_9,258.719,258.768,0.04899999999997817
08,10,story_10,239.93,240.0,0.06999999999999318
08,11,story_11,398.348,398.336,0.012000000000000455
08,12,story_12,351.705,351.712,0.007000000000005002
08,13,story_13,323.721,323.744,0.023000000000024556
08,14,story_14,318.959,318.992,0.03300000000001546
08,15,story_15,307.69199999999995,307.712,0.020000000000038654
08,16,story_37,288.447,288.416,0.03100000000000591
08,17,story_17,279.969,280.0,0.03100000000000591
08,18,story_18,274.42699999999996,274.48,0.053000000000054115
08,19,story_19,263.601,263.648,0.047000000000025466
08,1,story_1,406.441,406.416,0.024999999999977263
08,20,story_20,240.17000000000002,240.224,0.053999999999973625
08,21,story_21,393.516,393.488,0.02800000000002001
08,22,story_22,345.231,345.232,0.0010000000000331966
08,23,story_23,322.581,322.608,0.026999999999986812
08,24,story_24,315.65700000000004,315.68,0.022999999999967713
08,25,story_25,304.862,304.896,0.033999999999991815
08,26,story_26,295.007,295.024,0.016999999999995907
08,27,story_27,284.802,284.848,0.04599999999999227
08,28,story_28,274.89599999999996,274.928,0.03200000000003911
08,29,story_29,265.45300000000003,265.504,0.05099999999998772
08,2,story_2,352.565,352.576,0.011000000000024102
08,30,story_30,240.56,240.624,0.06399999999999295
08,31,story_31,379.22799999999995,379.232,0.004000000000075943
08,32,story_32,335.817,335.84,0.022999999999967713
08,33,story_33,321.59000000000003,321.6,0.009999999999990905
08,34,story_34,310.815,310.832,0.016999999999995907
08,35,story_35,304.783,304.816,0.03299999999995862
08,36,story_36,296.408,296.432,0.02400000000000091
08,37,story_37,288.373,288.416,0.043000000000006366
08,38,story_38,275.597,275.632,0.03500000000002501
08,39,story_39,269.695,269.728,0.03300000000001546
08,3,story_3,319.96999999999997,320.0,0.03000000000002956
08,40,story_40,255.487,255.552,0.06499999999999773
08,41,story_41,367.993,368.0,0.007000000000005002
08,42,story_42,332.275,332.304,0.028999999999996362
08,43,story_43,320.18,320.192,0.012000000000000455
08,44,story_44,308.944,308.976,0.031999999999982265
08,45,story_45,301.25,301.264,0.014000000000010004
08,46,story_46,298.359,298.4,0.04099999999999682
08,47,story_47,288.944,288.976,0.031999999999982265
08,48,story_48,275.728,275.76,0.031999999999982265
08,49,story_49,273.356,273.392,0.036000000000001364
08,4,story_4,319.169,319.184,0.015000000000043201
08,50,story_50,256.218,256.272,0.053999999999973625
08,51,story_51,352.59499999999997,352.608,0.013000000000033651
08,52,story_52,323.071,323.088,0.016999999999995907
08,53,story_53,324.582,324.608,0.02600000000001046
08,54,story_54,308.374,308.4,0.025999999999953616
08,55,story_55,300.649,300.672,0.023000000000024556
08,56,story_56,298.84900000000005,298.88,0.03099999999994907
08,57,story_57,289.954,290.0,0.04599999999999227
08,58,story_58,276.928,276.976,0.04800000000000182
08,59,story_49,273.386,273.392,0.005999999999971806
08,5,story_5,307.563,307.584,0.021000000000015007
08,60,story_50,256.318,256.272,0.04599999999999227
08,6,story_6,290.916,290.96,0.04399999999998272
08,7,story_17,279.96999999999997,280.0,0.03000000000002956
08,8,story_49,273.387,273.392,0.0049999999999954525
08,9,story_9,258.719,258.768,0.04899999999997817
09,10,story_10,239.93,240.0,0.06999999999999318
09,11,story_11,398.348,398.336,0.012000000000000455
09,12,story_12,351.714,351.712,0.0020000000000095497
09,13,story_13,323.72,323.744,0.02400000000000091
09,14,story_14,318.957,318.992,0.03500000000002501
09,15,story_15,307.692,307.712,0.01999999999998181
09,16,story_16,294.457,294.496,0.03899999999998727
09,17,story_17,279.96900000000005,280.0,0.03099999999994907
09,18,story_18,274.427,274.48,0.05299999999999727
09,19,story_19,263.60200000000003,263.648,0.04599999999999227
09,1,story_1,406.442,406.416,0.02600000000001046
09,20,story_20,240.17000000000002,240.224,0.053999999999973625
09,21,story_21,393.515,393.488,0.026999999999986812
09,22,story_22,345.231,345.232,0.0010000000000331966
09,23,story_23,322.58000000000004,322.608,0.027999999999963165
09,24,story_24,315.65700000000004,315.68,0.022999999999967713
09,25,story_25,304.86199999999997,304.896,0.03400000000004866
09,26,story_26,295.007,295.024,0.016999999999995907
09,27,story_27,284.802,284.848,0.04599999999999227
09,28,story_28,274.897,274.928,0.03100000000000591
09,29,story_29,265.453,265.504,0.051000000000044565
09,2,story_2,352.565,352.576,0.011000000000024102
09,30,story_30,240.56,240.624,0.06399999999999295
09,31,story_31,379.228,379.232,0.004000000000019099
09,32,story_32,335.81699999999995,335.84,0.023000000000024556
09,33,story_33,321.59000000000003,321.6,0.009999999999990905
09,34,story_34,310.814,310.832,0.01799999999997226
09,35,story_35,304.782,304.816,0.033999999999991815
09,36,story_36,296.408,296.432,0.02400000000000091
09,37,story_37,288.37399999999997,288.416,0.04200000000003001
09,38,story_38,275.597,275.632,0.03500000000002501
09,39,story_39,269.694,269.728,0.033999999999991815
09,3,story_3,319.97999999999996,320.0,0.020000000000038654
09,40,story_40,255.48700000000002,255.552,0.0649999999999693
09,41,story_41,367.992,368.0,0.007999999999981355
09,42,story_42,332.275,332.304,0.028999999999996362
09,43,story_43,320.179,320.192,0.013000000000033651
09,44,story_44,308.944,308.976,0.031999999999982265
09,45,story_45,301.25,301.264,0.014000000000010004
09,46,story_46,298.359,298.4,0.04099999999999682
09,47,story_47,288.944,288.976,0.031999999999982265
09,48,story_48,275.72700000000003,275.76,0.03299999999995862
09,49,story_49,273.356,273.392,0.036000000000001364
09,4,story_4,319.169,319.184,0.015000000000043201
09,50,story_50,256.21799999999996,256.272,0.05400000000003047
09,51,story_51,352.594,352.608,0.014000000000010004
09,52,story_52,323.07,323.088,0.018000000000029104
09,53,story_53,324.58099999999996,324.608,0.027000000000043656
09,54,story_54,308.373,308.4,0.026999999999986812
09,55,story_55,300.65,300.672,0.022000000000048203
09,56,story_56,298.848,298.88,0.031999999999982265
09,57,story_57,289.954,290.0,0.04599999999999227
09,58,story_58,276.928,276.976,0.04800000000000182
09,59,story_49,273.387,273.392,0.0049999999999954525
09,5,story_5,307.563,307.584,0.021000000000015007
09,60,story_50,256.318,256.272,0.04599999999999227
09,6,story_6,290.916,290.96,0.04399999999998272
09,7,story_49,272.50100000000003,273.392,0.8909999999999627
09,8,story_49,273.38599999999997,273.392,0.006000000000028649
09,9,story_9,258.71999999999997,258.768,0.04800000000000182
10,10,story_10,239.93,240.0,0.06999999999999318
10,11,story_11,398.348,398.336,0.012000000000000455
10,12,story_12,351.705,351.712,0.007000000000005002
10,13,story_13,323.72,323.744,0.02400000000000091
10,14,story_14,318.96,318.992,0.03200000000003911
10,15,story_15,307.693,307.712,0.019000000000005457
10,16,story_16,294.456,294.496,0.03999999999996362
10,17,story_17,279.97,280.0,0.029999999999972715
10,18,story_18,274.428,274.48,0.05200000000002092
10,19,story_19,263.601,263.648,0.047000000000025466
10,1,story_1,406.443,406.416,0.026999999999986812
10,20,story_20,240.17,240.224,0.054000000000002046
10,21,story_21,393.515,393.488,0.026999999999986812
10,22,story_22,345.231,345.232,0.0010000000000331966
10,23,story_23,322.57099999999997,322.608,0.03700000000003456
10,24,story_24,315.65700000000004,315.68,0.022999999999967713
10,25,story_25,304.862,304.896,0.033999999999991815
10,26,story_26,295.007,295.024,0.016999999999995907
10,27,story_27,284.801,284.848,0.047000000000025466
10,28,story_28,274.897,274.928,0.03100000000000591
10,29,story_29,265.452,265.504,0.05200000000002092
10,2,story_2,352.565,352.576,0.011000000000024102
10,30,story_30,240.56,240.624,0.06399999999999295
10,31,story_31,379.228,379.232,0.004000000000019099
10,32,story_32,335.817,335.84,0.022999999999967713
10,33,story_33,321.591,321.6,0.009000000000014552
10,34,story_34,310.814,310.832,0.01799999999997226
10,35,story_35,304.782,304.816,0.033999999999991815
10,36,story_36,296.408,296.432,0.02400000000000091
10,37,story_37,288.374,288.416,0.04199999999997317
10,38,story_38,275.597,275.632,0.03500000000002501
10,39,story_39,269.69399999999996,269.728,0.03400000000004866
10,3,story_3,319.96999999999997,320.0,0.03000000000002956
10,40,story_40,255.487,255.552,0.06499999999999773
10,41,story_41,367.992,368.0,0.007999999999981355
10,42,story_42,332.276,332.304,0.027999999999963165
10,43,story_43,320.17999999999995,320.192,0.012000000000057298
10,44,story_44,308.94399999999996,308.976,0.03200000000003911
10,45,story_45,301.24,301.264,0.02400000000000091
10,46,story_46,298.359,298.4,0.04099999999999682
10,47,story_47,288.94399999999996,288.976,0.03200000000003911
10,48,story_48,275.72799999999995,275.76,0.03200000000003911
10,49,story_49,273.356,273.392,0.036000000000001364
10,4,story_4,319.16999999999996,319.184,0.014000000000066848
10,50,story_50,256.218,256.272,0.053999999999973625
10,51,story_51,352.596,352.608,0.012000000000000455
10,52,story_52,323.07,323.088,0.018000000000029104
10,53,story_53,324.582,324.608,0.02600000000001046
10,54,story_54,308.374,308.4,0.025999999999953616
10,55,story_55,300.65,300.672,0.022000000000048203
10,56,story_56,298.849,298.88,0.03100000000000591
10,57,story_57,289.95500000000004,290.0,0.04499999999995907
10,58,story_58,276.928,276.976,0.04800000000000182
10,59,story_49,273.386,273.392,0.005999999999971806
10,5,story_5,307.562,307.584,0.02199999999999136
10,60,story_50,256.318,256.272,0.04599999999999227
10,6,story_6,290.915,290.96,0.04499999999995907
10,7,story_17,279.969,280.0,0.03100000000000591
10,8,story_49,273.387,273.392,0.0049999999999954525
10,9,story_9,258.709,258.768,0.05899999999996908
11,10,story_10,239.92999999999998,240.0,0.0700000000000216
11,11,story_11,398.347,398.336,0.010999999999967258
11,12,story_12,351.705,351.712,0.007000000000005002
11,13,story_13,323.721,323.744,0.023000000000024556
11,14,story_14,318.958,318.992,0.033999999999991815
11,15,story_15,307.693,307.712,0.019000000000005457
11,16,story_16,294.456,294.496,0.03999999999996362
11,17,story_17,279.969,280.0,0.03100000000000591
11,18,story_18,274.42600000000004,274.48,0.053999999999973625
11,19,story_19,263.601,263.648,0.047000000000025466
11,1,story_1,406.44199999999995,406.416,0.025999999999953616
11,20,story_20,240.16899999999998,240.224,0.05500000000000682
11,21,story_21,393.516,393.488,0.02800000000002001
11,22,story_22,345.231,345.232,0.0010000000000331966
11,23,story_23,322.58000000000004,322.608,0.027999999999963165
11,24,story_24,315.657,315.68,0.023000000000024556
11,25,story_25,304.862,304.896,0.033999999999991815
11,26,story_26,294.997,295.024,0.026999999999986812
11,27,story_27,284.80199999999996,284.848,0.04600000000004911
11,28,story_28,274.896,274.928,0.031999999999982265
11,29,story_29,265.452,265.504,0.05200000000002092
11,2,story_2,352.565,352.576,0.011000000000024102
11,30,story_30,240.56,240.624,0.06399999999999295
11,31,story_31,379.227,379.232,0.005000000000052296
11,32,story_32,335.817,335.84,0.022999999999967713
11,33,story_33,321.59,321.6,0.010000000000047748
11,34,story_34,310.81500000000005,310.832,0.016999999999939064
11,35,story_35,304.78200000000004,304.816,0.03399999999993497
11,36,story_36,296.408,296.432,0.02400000000000091
11,37,story_37,288.373,288.416,0.043000000000006366
11,38,story_38,275.597,275.632,0.03500000000002501
11,39,story_39,269.69500000000005,269.728,0.03299999999995862
11,3,story_3,319.96999999999997,320.0,0.03000000000002956
11,40,story_40,255.48799999999997,255.552,0.06400000000002137
11,41,story_41,367.99199999999996,368.0,0.008000000000038199
11,42,story_42,332.275,332.304,0.028999999999996362
11,43,story_43,320.179,320.192,0.013000000000033651
11,44,story_44,308.944,308.976,0.031999999999982265
11,45,story_45,301.249,301.264,0.014999999999986358
11,46,story_46,298.358,298.4,0.04199999999997317
11,47,story_47,288.944,288.976,0.031999999999982265
11,48,story_48,275.728,275.76,0.031999999999982265
11,49,story_49,273.35699999999997,273.392,0.03500000000002501
11,4,story_4,319.169,319.184,0.015000000000043201
11,50,story_50,256.218,256.272,0.053999999999973625
11,51,story_51,352.595,352.608,0.012999999999976808
11,52,story_52,323.071,323.088,0.016999999999995907
11,53,story_53,324.582,324.608,0.02600000000001046
11,54,story_54,308.373,308.4,0.026999999999986812
11,55,story_55,300.65,300.672,0.022000000000048203
11,56,story_56,298.849,298.88,0.03100000000000591
11,57,story_57,289.955,290.0,0.045000000000015916
11,58,story_58,276.92900000000003,276.976,0.04699999999996862
11,59,story_49,273.386,273.392,0.005999999999971806
11,5,story_5,307.563,307.584,0.021000000000015007
11,60,story_50,256.318,256.272,0.04599999999999227
11,6,story_6,290.914,290.96,0.04599999999999227
11,7,story_17,279.96999999999997,280.0,0.03000000000002956
11,8,story_49,273.387,273.392,0.0049999999999954525
11,9,story_9,258.719,258.768,0.04899999999997817
12,10,story_10,239.93099999999998,240.0,0.06900000000001683
12,11,story_11,398.347,398.336,0.010999999999967258
12,12,story_12,351.70500000000004,351.712,0.006999999999948159
12,13,story_13,323.71999999999997,323.744,0.024000000000057753
12,14,story_14,318.958,318.992,0.033999999999991815
12,15,story_15,307.693,307.712,0.019000000000005457
12,16,story_16,294.457,294.496,0.03899999999998727
12,17,story_17,279.969,280.0,0.03100000000000591
12,18,story_18,274.427,274.48,0.05299999999999727
12,19,story_19,263.602,263.648,0.04600000000004911
12,1,story_1,406.442,406.416,0.02600000000001046
12,20,story_20,240.171,240.224,0.05299999999999727
12,21,story_21,393.515,393.488,0.026999999999986812
12,22,story_22,345.231,345.232,0.0010000000000331966
12,23,story_23,322.58,322.608,0.02800000000002001
12,24,story_24,315.657,315.68,0.023000000000024556
12,25,story_25,304.861,304.896,0.03500000000002501
12,26,story_26,295.007,295.024,0.016999999999995907
12,27,story_27,284.802,284.848,0.04599999999999227
12,28,story_28,274.89599999999996,274.928,0.03200000000003911
12,29,story_29,265.452,265.504,0.05200000000002092
12,2,story_2,352.565,352.576,0.011000000000024102
12,30,story_30,240.56,240.624,0.06399999999999295
12,31,story_31,379.229,379.232,0.0030000000000427463
12,32,story_32,335.81600000000003,335.84,0.023999999999944066
12,33,story_33,321.59000000000003,321.6,0.009999999999990905
12,34,story_34,310.815,310.832,0.016999999999995907
12,35,story_35,304.78099999999995,304.816,0.03500000000002501
12,36,story_36,296.407,296.432,0.025000000000034106
12,37,story_37,288.374,288.416,0.04199999999997317
12,38,story_38,275.59700000000004,275.632,0.03499999999996817
12,39,story_39,269.694,269.728,0.033999999999991815
12,3,story_3,319.97900000000004,320.0,0.020999999999958163
12,40,story_40,255.48700000000002,255.552,0.0649999999999693
12,41,story_41,367.993,368.0,0.007000000000005002
12,42,story_42,332.275,332.304,0.028999999999996362
12,43,story_43,320.18,320.192,0.012000000000000455
12,44,story_44,308.944,308.976,0.031999999999982265
12,45,story_45,301.24,301.264,0.02400000000000091
12,46,story_46,298.359,298.4,0.04099999999999682
12,47,story_47,288.94300000000004,288.976,0.03299999999995862
12,48,story_48,275.728,275.76,0.031999999999982265
12,49,story_49,273.356,273.392,0.036000000000001364
12,4,story_4,319.168,319.184,0.016000000000019554
12,50,story_50,256.21799999999996,256.272,0.05400000000003047
12,51,story_51,352.595,352.608,0.012999999999976808
12,52,story_52,323.07099999999997,323.088,0.01700000000005275
12,53,story_53,324.581,324.608,0.026999999999986812
12,54,story_54,308.373,308.4,0.026999999999986812
12,55,story_55,300.65000000000003,300.672,0.02199999999999136
12,56,story_56,298.849,298.88,0.03100000000000591
12,57,story_57,289.95500000000004,290.0,0.04499999999995907
12,58,story_58,276.928,276.976,0.04800000000000182
12,59,story_49,273.386,273.392,0.005999999999971806
12,5,story_5,307.563,307.584,0.021000000000015007
12,60,story_50,256.318,256.272,0.04599999999999227
12,6,story_6,290.915,290.96,0.04499999999995907
12,7,story_17,279.96999999999997,280.0,0.03000000000002956
12,8,story_49,273.387,273.392,0.0049999999999954525
12,9,story_9,258.709,258.768,0.05899999999996908
